t,TC,DTC,O_information
9418,8.368470252395404,34.60733965578069,-26.238869403385287
9428,7.761911095921277,33.29008539550611,-25.528174299584833
9438,7.622883300438734,32.84222495947184,-25.21934165903311
9448,7.2135512166866675,32.407827493124,-25.194276276437336
9458,7.168197257136545,32.37817125976297,-25.209974002626428
9468,7.296184089155374,32.80815359249749,-25.511969503342115
9478,7.119641739822595,32.17988350669482,-25.060241766872227
9488,7.119286228747359,32.16510244199715,-25.04581621324979
9498,7.117260556826475,32.239315768517606,-25.122055211691134
9508,7.179769628366391,32.280409774622804,-25.100640146256413
9518,7.374435285220169,32.828033784347134,-25.453598499126965
9528,7.399401456362324,32.22497355634566,-24.825572099983336
9538,7.476048677929278,32.360353123403016,-24.884304445473738
9548,7.476186486277228,32.36946832766747,-24.89328184139024
9558,7.551197298787178,32.421754162688956,-24.870556863901776
9568,7.854719294566461,32.92833747818302,-25.073618183616556
9578,7.984866733169495,33.05180830985537,-25.06694157668587
9588,7.925085753207397,32.542338852217355,-24.617253099009957
9598,7.863115170128903,32.01807728294111,-24.154962112812203
9608,7.896691682614928,31.524331896002106,-23.627640213387178
9618,7.760446496404641,30.913941042225105,-23.153494545820465
9628,7.812428822572165,30.73109765264045,-22.918668830068285
9638,7.645667881359416,30.362009044341338,-22.716341162981923
9648,7.631197058174725,30.27214725295823,-22.640950194783507
9658,7.527434849954237,30.177769085027638,-22.6503342350734
9668,7.470477776673378,30.23545547095559,-22.764977694282212
9678,7.627472787130007,30.84674484607602,-23.219272058946014
9688,7.142131216564814,30.244016013077356,-23.101884796512543
9698,7.0336207528668755,30.643241425516575,-23.609620672649697
9708,6.779577634769295,31.894557430926348,-25.11497979615705
9718,6.537529833333204,42.00204968703902,-35.464519853705816
9728,6.128211285118658,43.43014021037777,-37.30192892525911
9738,5.368474754356806,43.54588872963179,-38.17741397527499
9748,3.549932877176755,44.261330219686215,-40.71139734250946
9758,3.2665426984334154,44.589972140077286,-41.32342944164387
9768,3.2975495047496426,45.69823565690617,-42.40068615215653
9778,3.573020870979393,46.7784838072772,-43.205462936297806
9788,3.579547676164817,47.71110008020267,-44.131552404037855
9798,3.4396529228778583,47.245105153114636,-43.80545223023678
9808,3.4301443410585004,47.297792543990255,-43.867648202931754
9818,3.395693244290708,47.24382135841133,-43.84812811412063
9828,3.4707582252353886,47.27052035496982,-43.79976212973443
9838,3.68480481105078,47.973493973994564,-44.28868916294378
9848,3.692774347039502,47.982971463336355,-44.29019711629685
9858,3.6553745441546943,47.96087937655156,-44.30550483239686
9868,3.502187539675425,47.2609790714359,-43.75879153176047
9878,3.45705531855834,47.176180378357216,-43.71912505979888
9888,3.5077301109793506,47.17774660956901,-43.67001649858966
9898,3.5834069335137726,47.457994036464456,-43.874587102950684
9908,3.5677463627364308,47.43877376772269,-43.87102740498626
9918,3.592488977560442,47.474266714262065,-43.88177773670162
9928,3.591975791522019,47.57652068760659,-43.98454489608457
9938,3.59137716563213,47.57798166940985,-43.98660450377772
9948,3.5350702538981227,47.26710326312488,-43.73203300922676
9958,3.5097521212079115,47.11627390212109,-43.60652178091318
9968,3.4979769029309944,47.166585633083095,-43.6686087301521
9978,3.4841506039966297,47.193408555523185,-43.70925795152655
9988,3.4506615391845408,47.11309139347951,-43.66242985429497
9998,3.4417071595588107,47.13914677645244,-43.69743961689363
10008,3.2917537819132763,46.58007751951127,-43.28832373759799
10018,3.4149857736479365,47.04677137459647,-43.63178560094853
10028,3.4779630073319083,47.10146003981194,-43.62349703248003
10038,4.644597295879481,35.62220224486626,-30.977604948986777
10048,4.8466946550613015,35.41989274785406,-30.573198092792754
10058,4.841245766550449,35.42284500874185,-30.581599242191402
10068,4.778430002528796,35.291427408958356,-30.51299740642956
10078,4.665042215443331,34.97734268123796,-30.312300465794625
10088,4.672394223898409,34.994021221068124,-30.321626997169716
10098,4.946006368136639,35.79125724333587,-30.84525087519923
10108,4.9991725330124535,35.969623333931935,-30.97045080091948
10118,5.041952647274029,36.00716264961765,-30.965210002343618
10128,4.83854029997509,35.10745276054836,-30.268912460573272
10138,5.339281899748476,34.41476738466875,-29.07548548492027
10148,5.3260355626571245,34.32496332952479,-28.998927766867666
10158,5.465589534905574,34.84166549953724,-29.376075964631667
10168,5.4199343725682665,34.74553453153824,-29.325600158969973
10178,5.393284254389557,34.62571825650325,-29.232434002113692
10188,5.033003889869488,34.9795119294173,-29.946508039547812
10198,4.774236703305236,34.5917494092042,-29.817512705898963
10208,5.000189644529601,33.06531194157385,-28.06512229704425
10218,5.052285020965306,32.97949100819275,-27.927205987227445
10228,5.022178421191849,32.871622377312825,-27.849443956120975
10238,5.0590800718484905,32.9182169332844,-27.859136861435907
10248,5.122791842912944,32.95510813886085,-27.832316295947905
10258,5.070992747850313,32.790481568075194,-27.719488820224882
10268,4.90766476471468,32.560250261841,-27.652585497126317
10278,4.98435334117203,33.11965922483965,-28.13530588366762
10288,4.486128169351234,33.42657532054136,-28.940447151190128
10298,4.496746630614015,33.594390593865874,-29.09764396325186
10308,4.5487826759528085,33.76614664713365,-29.217363971180845
10318,4.626882439077347,33.83149020825181,-29.20460776917446
10328,4.619708259615844,33.868316912061516,-29.24860865244567
10338,4.527177621430636,33.58195230645973,-29.0547746850291
10348,4.660066715268729,33.98921404616191,-29.329147330893182
10358,4.2103782128776785,44.415668868532684,-40.205290655655006
10368,3.397898101330512,45.030374652048536,-41.632476550718025
10378,3.448506718333235,46.037119854063576,-42.58861313573034
10388,3.529026903181868,46.63796867721004,-43.108941774028175
10398,3.6136764924162286,47.42054834294457,-43.80687185052834
10408,3.9748392221035256,48.29723168597847,-44.32239246387494
10418,3.957711399602175,48.41114706229867,-44.45343566269649
10428,3.9496608861645766,48.36836925175083,-44.41870836558625
10438,3.4945256460600067,47.00971652408404,-43.515190878024036
10448,3.4236063659565548,46.899440527857024,-43.47583416190047
10458,3.4631623484912737,46.902914544349606,-43.43975219585833
10468,3.389651343316628,46.795922792390726,-43.4062714490741
10478,3.3756240967159488,46.73377723657881,-43.358153139862864
10488,3.535892275258569,47.39963180832365,-43.86373953306508
10498,3.3944809403128633,47.00942838747765,-43.61494744716479
10508,3.423714519606897,46.93142980431165,-43.50771528470475
10518,3.390443859121026,46.96231710860801,-43.571873249486984
10528,3.4161703830044425,46.94117941369187,-43.52500903068743
10538,3.4052319164449467,46.87963810368181,-43.474406187236866
10548,3.355479117725422,46.55812529843185,-43.202646180706424
10558,3.3300917108418546,46.59312368677179,-43.263031975929934
10568,3.3517728675559004,46.53565481889363,-43.18388195133773
10578,3.3100008844752473,46.62320715918621,-43.313206274710964
10588,3.655866229112293,47.79642673999731,-44.14056051088502
10598,3.4735177545305955,47.2602625303157,-43.7867447757851
10608,3.4851766984931416,47.20864966365831,-43.72347296516517
10618,3.512864611510641,47.21646834624248,-43.703603734731836
10628,3.530881298145956,47.263664071826604,-43.73278277368065
10638,3.579563949093524,47.300670340805034,-43.72110639171151
10648,3.7373894038205036,47.84321473999981,-44.10582533617931
10658,3.434016384039197,47.1199736283173,-43.6859572442781
10668,3.4282825135858754,47.10086922220441,-43.67258670861853
10678,3.4620483979529655,47.07860925822678,-43.616560860273815
10688,3.483490725886757,47.03284622492218,-43.54935549903542
10698,3.627070186839932,47.63973956595135,-44.01266937911142
10708,3.6628903132260286,47.62435059940919,-43.96146028618316
10718,3.453492366533187,47.03610175458117,-43.58260938804798
10728,3.4394893090836085,46.992684420345796,-43.553195111262184
10738,3.445391636640013,46.96513075216784,-43.51973911552783
10748,3.6302461573130222,47.397282961529704,-43.76703680421668
10758,3.620018086358712,47.44037253321011,-43.8203544468514
10768,3.446416972375072,46.97718234939044,-43.53076537701537
10778,3.4381337461743953,46.97868694379431,-43.540553197619914
10788,3.4287524790610737,46.977943749622405,-43.54919127056133
10798,3.428819124052054,47.02914268606922,-43.60032356201717
10808,3.654606741085695,47.716983711797525,-44.06237697071183
10818,3.6932505754185563,47.73222611303187,-44.03897553761331
10828,3.4323398183663936,47.057300412559044,-43.62496059419265
10838,3.3729041366745616,47.121989945873764,-43.7490858091992
10848,3.38819963010629,47.11379524125189,-43.7255956111456
10858,3.3731064323939433,47.14017312003724,-43.76706668764329
10868,3.579589620784927,47.757917948739575,-44.178328327954645
10878,3.605826183663235,47.81334258125425,-44.207516397591014
10888,3.432584887251352,47.28831075458498,-43.855725867333625
10898,3.374247670557597,47.35254733155946,-43.97829966100186
10908,3.4506411943902724,47.355243629708916,-43.904602435318644
10918,3.6099069781514443,47.866560794191535,-44.25665381604009
10928,3.6546699273995773,47.85452063384431,-44.199850706444735
10938,3.4175602308202895,47.23978066078723,-43.82222042996694
10948,3.47787657001335,47.22220022535755,-43.744323655344196
10958,3.492497852433978,47.269508041131374,-43.777010188697396
10968,3.488351248153245,47.22867946667155,-43.74032821851831
10978,3.7209451912837395,47.94598520958706,-44.22504001830332
10988,3.7477460738237762,47.94411324151854,-44.19636716769476
10998,3.514751907130945,47.34113696354059,-43.82638505640965
11008,3.4965566183410353,47.35349606277212,-43.85693944443109
11018,3.4699404352369716,47.266518464723895,-43.79657802948692
11028,3.4530283146791834,47.317875368571826,-43.864847053892646
11038,3.6151636483114102,47.77471700949051,-44.1595533611791
11048,3.5036094111287692,47.32488810930266,-43.82127869817389
11058,3.456121113940772,47.30165511256581,-43.84553399862504
11068,3.45722780267635,47.31457825616783,-43.85735045349148
11078,3.4655812766370446,47.34806151594157,-43.88248023930453
11088,3.676840163170235,47.96902504377121,-44.29218488060098
11098,3.627587347019668,47.924063519391936,-44.296476172372266
11108,3.4600304784979214,47.37685819923976,-43.91682772074184
11118,3.490835027265928,47.36969213633876,-43.87885710907283
11128,3.4588047949333123,47.27577172456243,-43.81696692962912
11138,3.4241548033508247,47.290847803740775,-43.86669300038995
11148,3.6034731555390667,47.813092170133274,-44.20961901459421
11158,3.642204959773842,47.84563807190028,-44.20343311212644
11168,3.610893165836574,47.89419200587391,-44.28329884003734
11178,3.658329512492453,47.874167074522475,-44.215837562030025
11188,3.3934419018591773,47.00751693078608,-43.614075028926905
11198,3.4720784097235344,47.268211112476074,-43.79613270275254
11208,3.437347400954142,47.20580154948875,-43.7684541485346
11218,3.4581513713416747,47.19506788620291,-43.736916514861235
11228,3.4367539703462247,47.180223582262386,-43.74346961191616
11238,3.475430460839247,47.146885867553934,-43.671455406714685
11248,3.321740543938006,46.75895721803893,-43.437216674100924
11258,3.482081256576952,47.17499975434244,-43.69291849776548
11268,3.4543956033584298,47.211841834552125,-43.7574462311937
11278,4.748500154107119,35.917763859665946,-31.169263705558826
11288,4.739446964218777,35.20059590067495,-30.46114893645617
11298,4.5842326536492655,34.64139720588419,-30.057164552234923
11308,4.550898685025012,34.54624772212614,-29.99534903710113
11318,4.533297370342833,34.54292127555099,-30.009623905208155
11328,4.536464658619384,34.52036252185646,-29.98389786323708
11338,4.621483863007857,34.957814495704696,-30.33633063269684
11348,4.622142136863557,34.914807959305286,-30.292665822441727
11358,4.58799425358951,34.90771952111222,-30.31972526752271
11368,4.590366518044704,34.92673319839055,-30.336366680345847
11378,4.381823061248652,34.30278860682491,-29.92096554557626
11388,4.385314689400354,34.33034982931751,-29.94503513991716
11398,4.4818298289556155,34.57084324219452,-30.089013413238906
11408,4.546020163406173,34.728198069491796,-30.182177906085624
11418,4.525649387554364,34.66576666826675,-30.140117280712385
11428,3.839650054699842,44.275238816334934,-40.43558876163509
11438,3.412570944032751,44.356634683745405,-40.944063739712654
11448,3.377718003589714,45.67051937916903,-42.292801375579316
11458,3.3648069545211965,46.03838746900239,-42.67358051448119
11468,3.354052157745674,47.29983401983339,-43.94578186208771
11478,3.3686615696062367,47.55812657518781,-44.189465005581575
11488,3.407184382846769,47.59476797139118,-44.187583588544406
11498,3.248574976988185,47.02452350964147,-43.77594853265328
11508,3.282043238633873,47.05965254889537,-43.7776093102615
11518,6.768544580309937,31.598511687192232,-24.829967106882293
11528,7.317189599003789,30.446112284600478,-23.128922685596688
11538,6.781947804606366,28.719263370651774,-21.937315566045406
11548,6.560787075447864,28.07532102447036,-21.514533949022493
11558,6.628284803179212,27.60378388163455,-20.975499078455336
11568,6.607667118299729,27.099596007171478,-20.491928888871747
11578,6.586347929068995,26.845234517653747,-20.25888658858475
11588,6.519898985924037,26.59682210516622,-20.07692311924218
11598,6.404518684151687,26.39205442718189,-19.987535743030204
11608,6.33884444078257,26.27930917066661,-19.94046472988404
11618,6.230517020292167,26.19709808166933,-19.966581061377163
11628,5.936609857712247,25.86020129710776,-19.923591439395516
11638,5.6155203930957835,25.845365003572788,-20.229844610477002
11648,5.313684618309078,26.108157912293482,-20.794473293984403
11658,4.6072473366940505,26.066203556135015,-21.458956219440964
11668,7.378371415308044,33.05601069730957,-25.677639282001522
11678,7.5593680290387475,33.315445547097156,-25.756077518058408
11688,7.704640784213441,33.56313883737365,-25.858498053160208
11698,7.983328465582403,34.51551917796323,-26.532190712380824
11708,8.01669315474696,34.31069004496318,-26.29399689021622
11718,8.097263385456476,34.51649042504885,-26.419227039592375
11728,8.062497677573715,34.42497676735864,-26.362479089784927
11738,8.116820541659065,34.53087111117228,-26.414050569513215
11748,8.007252752097815,34.44913266672431,-26.441879914626497
11758,8.03152712022877,34.4642502703945,-26.43272315016573
11768,8.06488947525939,34.45365919910932,-26.388769723849926
11778,8.085185180781332,34.515228379062954,-26.430043198281624
11788,8.06479888268661,34.78414439430993,-26.719345511623324
11798,8.202287219550808,35.16889473524946,-26.96660751569865
11808,8.240311462265508,35.262967869804875,-27.022656407539365
11818,8.296766987334708,35.14764237543554,-26.85087538810083
11828,8.308038203752268,35.17197588060682,-26.863937676854555
11838,8.298133369789937,35.18485575364544,-26.8867223838555
11848,8.340643946832857,35.27796612819365,-26.93732218136079
11858,8.241071192848537,35.088442232316964,-26.847371039468428
11868,8.290960211104673,34.90914033961405,-26.618180128509373
11878,8.024600149646297,34.49008748646432,-26.465487336818022
11888,8.03445904074993,34.525720701611114,-26.491261660861184
11898,8.10584161137896,34.66299127193618,-26.55714966055722
11908,8.299257017191332,35.26917011016963,-26.969913092978302
11918,8.005384994132557,34.527867021597615,-26.52248202746506
11928,8.089989922142836,34.68804503683645,-26.598055114693615
11938,8.094507673573613,34.58915925454426,-26.49465158097065
11948,8.021532988539605,34.4378125637767,-26.4162795752371
11958,8.266023998665727,35.0532178757729,-26.787193877107175
11968,8.060708662881463,34.5710094451181,-26.510300782236637
11978,8.052470860996644,34.56902182527575,-26.516550964279105
11988,8.02963793988027,34.50752801257965,-26.477890072699378
11998,8.044545053529278,34.56873723341368,-26.524192179884402
12008,8.33970295235979,35.293114072738625,-26.953411120378835
12018,8.087114191814115,34.64706557923807,-26.55995138742395
12028,8.458328505459098,35.41182277739927,-26.953494271940173
12038,7.627978822692826,33.75510250563315,-26.127123682940322
12048,7.0936810793314535,32.46122679593006,-25.367545716598606
12058,7.021446489182134,32.354359134378875,-25.332912645196743
12068,7.118080807646913,32.53984208369931,-25.4217612760524
12078,7.062090413594854,32.485475709567126,-25.423385295972274
12088,7.079779395729843,32.58068796166798,-25.500908565938133
12098,7.08603165603182,32.58712389454794,-25.501092238516122
12108,7.040187424768715,32.57873924843987,-25.538551823671153
12118,7.014782821431217,32.53310898466807,-25.51832616323685
12128,7.042905550783365,32.512894043622246,-25.46998849283888
12138,7.038958238516988,32.54674689012957,-25.50778865161258
12148,7.014894798798989,32.458653935237905,-25.443759136438917
12158,7.064853369114633,32.56130379710111,-25.496450427986478
12168,7.191403323545131,33.03795272449798,-25.846549400952846
12178,6.9948278510439925,32.55137800342986,-25.556550152385867
12188,7.381097094280049,33.449471053112966,-26.068373958832915
12198,8.016188194501181,34.77245392899617,-26.75626573449499
12208,8.429325140706725,35.521215401237725,-27.091890260531002
12218,8.625524647846841,36.024470740219186,-27.398946092372345
12228,8.503248545947672,35.486447038259826,-26.983198492312155
12238,8.510862695144201,35.53579854575272,-27.024935850608518
12248,8.472524949654614,35.531383553166236,-27.058858603511624
12258,8.46514428374443,35.44257812199482,-26.97743383825039
12268,8.43729016065284,35.62568500883606,-27.18839484818322
12278,7.682315423621158,33.9651234322238,-26.28280800860264
12444,7.714739944148245,33.82055174804231,-26.105811803894067
12454,7.6946822299005415,33.679165506400174,-25.98448327649963
12464,7.62280250580972,33.413836261808854,-25.791033755999134
12474,7.81668038219045,33.78674602847022,-25.97006564627977
12484,7.797136940871264,33.660899063454785,-25.863762122583523
12494,7.807542744044248,33.81018460947973,-26.00264186543548
12504,7.9290290588777115,34.16738292642747,-26.238353867549762
12514,7.851562036660867,34.012806449049194,-26.161244412388328
12524,7.8606953649342755,34.006323795299814,-26.145628430365537
12534,7.802419091657747,33.871764086760756,-26.06934499510301
12544,7.755506501948542,33.737867833356106,-25.982361331407564
12554,7.810109318207314,33.82831342918825,-26.018204110980935
12564,7.801482103777083,33.81668492640038,-26.015202822623294
12574,7.740931852638008,33.61782228070129,-25.876890428063284
12584,8.196547795239752,34.77793411786366,-26.581386322623906
12594,8.166755607849991,34.691200800722974,-26.52444519287298
12604,8.158523236364632,34.74903746966954,-26.59051423330491
12614,8.209886798237545,35.01225149046527,-26.802364692227723
12624,8.196427146979877,35.19481922888084,-26.99839208190096
12634,8.237714241466959,35.264425204089754,-27.026710962622793
12644,8.291689095932218,35.20994423630072,-26.9182551403685
12654,8.383396487286777,35.23293991157365,-26.849543424286875
12664,8.479027622523558,35.44861842516004,-26.969590802636482
12674,8.42017019164438,35.38171286435548,-26.961542672711097
12684,8.52489331536065,35.55435225898394,-27.02945894362329
12694,8.543919425236775,35.603954831909775,-27.060035406673002
12704,8.625956535597561,35.89279875526189,-27.266842219664333
12714,8.583347088970921,35.816531908883604,-27.233184819912683
12724,8.610886617388669,35.793968968724904,-27.183082351336235
12734,8.48812275027882,35.4739162177933,-26.985793467514483
12744,8.502668200020274,35.56529034364157,-27.062622143621297
12754,8.486248937154453,35.52646728671481,-27.04021834956036
12764,8.523464610237266,35.5984054694737,-27.07494085923643
12774,8.554139672310981,35.56198872104165,-27.00784904873067
12784,8.369333117191097,35.13246078924743,-26.763127672056335
12794,8.429989929397626,35.17655037917887,-26.746560449781242
12804,8.371360166223493,35.20852385127832,-26.83716368505483
12814,8.424286197368943,35.392133921829355,-26.967847724460412
12824,8.466662002157157,35.45025505690939,-26.983593054752234
12834,8.496996678614222,35.47107475273418,-26.97407807411996
12844,8.510512363560101,35.455356978908284,-26.94484461534818
12854,8.471581495295071,35.35036997979087,-26.8787884844958
12864,8.413622237669209,35.41584067247586,-27.00221843480665
12874,8.422422906081568,35.38784036136479,-26.96541745528322
12884,8.581298886077121,36.006576434165005,-27.425277548087884
12894,8.397041298311878,35.44404172282135,-27.047000424509477
12904,8.385895326030278,35.462220811487775,-27.076325485457495
12914,8.420687824314896,35.387822524392334,-26.967134700077438
12924,8.33041187693021,35.18185506297726,-26.851443186047053
12934,8.690696514415881,36.20584096527045,-27.515144450854564
12944,8.4786066954134,35.72144826451558,-27.24284156910218
12954,8.481140110052014,35.80494685400596,-27.32380674395395
12964,8.517753047331675,35.85898700788981,-27.341233960558135
12974,8.560205037758639,35.922344813806305,-27.362139776047666
12984,8.81976592483318,36.531094001277566,-27.71132807644439
12994,8.403453455992342,35.44925311044667,-27.045799654454328
13004,8.34597707057294,35.377055492781125,-27.031078422208182
13014,8.281543834889115,35.20046607702808,-26.91892224213897
13024,8.293247094262483,35.21461682408495,-26.921369729822466
13034,8.338883315155151,35.20899130781963,-26.87010799266448
13044,8.228535526529289,35.07283499968166,-26.844299473152372
13054,8.195147060851655,34.887875293500095,-26.69272823264844
13064,8.13027690282318,34.89934936875898,-26.769072465935803
13074,8.146890468703319,34.855103645780325,-26.708213177077006
13084,8.150603904087623,34.76370369220319,-26.613099788115562
13094,8.186244967257858,34.77756705084468,-26.591322083586824
13104,8.178550388078252,34.67704027706685,-26.4984898889886
13114,8.22108291529591,34.74679816649937,-26.525715251203458
13124,8.201284382042832,34.55916371914537,-26.357879337102535
13134,8.190533454842942,34.49513196850509,-26.30459851366215
13144,8.460873182250923,35.252942906678655,-26.792069724427733
13154,8.348208297610627,34.794719474634256,-26.44651117702363
13164,8.374628252230082,34.901525713791564,-26.526897461561482
13174,8.418104865653664,34.92894037385935,-26.510835508205684
13184,8.362583846287112,34.86174611317961,-26.4991622668925
13194,8.608955065275747,35.58732301966078,-26.978367954385032
13204,8.390160767568982,35.046334628659544,-26.65617386109056
13214,8.394171380878939,34.99363301765833,-26.599461636779395
13224,8.340178480228635,34.864068446543556,-26.52388996631492
13234,8.351406117016293,34.96572812640641,-26.61432200939012
13244,8.518517669906839,35.50121873970397,-26.982701069797134
13254,8.40564235242097,35.02025691655197,-26.614614564131003
13264,8.270108701725535,34.89021181468063,-26.6201031129551
13274,8.294156282221495,35.04504299965342,-26.750886717431925
13284,8.16873725629106,34.84202365110212,-26.673286394811058
13294,8.179330712754975,34.86569384423408,-26.686363131479105
13304,8.136336131345859,34.811926228146305,-26.67559009680045
13314,8.16866976115444,34.88405927872733,-26.715389517572888
13324,8.221855288860711,35.035769366194145,-26.813914077333436
13334,8.216501227332868,34.98001527678327,-26.7635140494504
13344,8.212014614780372,34.94341158550166,-26.731396970721285
13354,8.159083346759923,34.81216647115989,-26.65308312439997
13364,8.182068514736784,34.80740883871708,-26.625340323980296
13374,8.151105326471008,34.84207849442574,-26.690973167954734
13384,8.241387768788082,34.782999750216895,-26.541611981428815
13394,8.256737417321805,34.888031358724845,-26.63129394140304
13404,8.268114750852524,34.8855160206468,-26.61740126979427
13414,8.210774693196502,34.74325018048985,-26.53247548729335
13424,8.265484184928065,34.84124201514824,-26.575757830220176
13434,8.286689988025968,34.865714639857025,-26.579024651831055
13444,8.288596558491749,34.96318476966261,-26.674588211170864
13454,8.30243935497996,35.08779864536898,-26.785359290389017
13464,8.358684606914956,35.11930221169895,-26.760617604783995
13474,8.403079100307071,35.314729367225816,-26.911650266918745
13484,8.400626384584443,35.37308007970588,-26.972453695121438
13494,8.340959001595865,35.01180811741441,-26.670849115818548
13504,7.6522972340793025,33.30877098833388,-25.65647375425458
13514,7.926419054326702,32.903700474059846,-24.977281419733146
13524,7.955210715247997,32.1888866464195,-24.2336759311715
13534,7.938102723326155,31.646177385231873,-23.70807466190572
13544,7.820829619393684,31.01297630197491,-23.192146682581225
13554,8.131997412933293,31.468800548678196,-23.3368031357449
13564,7.628119455279923,30.02193766511246,-22.39381820983254
13574,7.563232061593857,29.828152197750335,-22.264920136156476
13584,7.451754099125212,29.766025967581335,-22.314271868456125
13594,7.410066087006506,29.79889719997614,-22.388831112969633
13604,7.410640165609816,30.47294533242195,-23.062305166812134
13614,7.123341985112143,30.142739394379976,-23.01939740926783
13624,7.03874290224841,30.929914614841067,-23.89117171259266
13634,6.702048889101614,31.72229291476312,-25.020244025661505
13644,6.168333720266632,41.655818072546644,-35.48748435228001
13654,4.740831663899352,32.05538659478577,-27.31455493088642
13664,3.9860777323095715,31.865173455515894,-27.879095723206323
13674,3.293503355015208,32.750332471179036,-29.456829116163828
13684,3.269582030476702,32.816429376617414,-29.546847346140712
13694,3.306618433819711,32.9491215200391,-29.64250308621939
13704,3.2976301227999314,32.98351759450187,-29.68588747170194
13714,3.2631536241597785,32.97056102621923,-29.707407402059452
13724,3.4562023576165695,30.438190166363533,-26.981987808746965
13734,3.4925347948714083,30.132991947505353,-26.640457152633946
13744,3.4262180772305495,30.005704926790088,-26.579486849559537
13754,3.4173720034772215,30.064672442070613,-26.64730043859339
13764,3.3952028200627775,30.059762333172984,-26.664559513110206
13774,3.3944792653066496,30.043547533070868,-26.649068267764218
13784,3.4444386135953597,30.005395931388183,-26.560957317792823
13794,3.393079247699005,28.87468336486702,-25.481604117168015
13804,4.49539941046612,31.303094646916325,-26.807695236450204
13814,4.868115259458275,32.136298221092545,-27.26818296163427
13824,5.023994181343897,32.558141116727676,-27.534146935383777
13834,5.022152092638851,32.55091796542742,-27.528765872788572
13844,5.06685749026803,32.607691118749024,-27.540833628480993
13854,5.122129367181352,32.62820238410745,-27.506073016926102
13864,5.0780792771525745,32.614457916085314,-27.53637863893274
13874,5.762057797985571,36.09150279154792,-30.329444993562348
13884,5.503157597357376,36.20013398766181,-30.69697639030443
13894,5.5677047644854465,35.91514577822223,-30.347441013736784
13904,5.1521383345316085,33.00268779050034,-27.850549455968732
13914,5.176399511825987,32.92575294762447,-27.74935343579848
13924,5.030427727250469,32.6308817428871,-27.60045401563663
13934,4.988542719933041,32.662965789131825,-27.674423069198784
13944,3.5158731426122,28.097348540698782,-24.58147539808658
13954,3.3333832422416716,28.16702867981269,-24.833645437571022
13964,3.3044395962967994,28.19781483922861,-24.89337524293181
13974,3.3330859882961335,28.24864944459539,-24.915563456299257
13984,3.3654111069015222,28.22527230851936,-24.85986120161784
13994,3.334776762126358,28.07548252152455,-24.74070575939819
14004,3.314733885763253,28.057650611185515,-24.742916725422262
14014,3.3534254998123005,28.156324946962226,-24.802899447149926
14024,3.3825353774097864,28.25155934489601,-24.86902396748622
14034,3.478863823144874,27.24374452443253,-23.764880701287655
14044,3.5189679506968115,27.374496907743808,-23.855528957046996
14054,3.4546081464931873,27.81521677769294,-24.360608631199753
14064,3.4344833375613493,27.906417568093786,-24.471934230532437
14074,3.513425748141779,28.04236939015187,-24.52894364201009
14084,3.56053578100278,27.757287846875467,-24.196752065872687
14094,3.8167816503846055,28.128153976181263,-24.311372325796658
14104,3.8702312511820036,28.207139438937805,-24.336908187755803
14114,3.9176236028964877,28.280464318883897,-24.36284071598741
14124,3.9324348766165245,28.3221760772093,-24.389741200592773
14134,3.9197011092885536,28.3798787103112,-24.460177601022647
14144,3.936311157876812,28.415742520830708,-24.479431362953896
14154,3.906026124903872,28.326879410764995,-24.420853285861124
14164,3.930094958612598,28.396097707702367,-24.466002749089768
14174,4.167479217067103,27.634878720319318,-23.467399503252214
14184,3.9836037618904516,28.134224311787424,-24.15062054989697
14194,4.065466578757665,28.408890011219693,-24.34342343246203
14204,4.051061471072877,28.287101353703072,-24.236039882630195
14214,4.037390267184881,28.07611479206826,-24.038724524883378
14224,3.973514155375597,27.911560464835862,-23.938046309460265
14234,3.90496412626477,28.35656728515265,-24.45160315888788
14244,3.318411768156048,28.730056919026474,-25.411645150870427
14254,3.4318650443334984,29.022513361614372,-25.590648317280873
14264,3.4729715847277123,29.06402848726753,-25.59105690253982
14274,3.4888416264353177,29.06271115630239,-25.573869529867075
14284,3.521700283025935,29.053769594701542,-25.532069311675606
14294,3.7245724210126654,28.517681674188644,-24.793109253175977
14304,3.689656398139655,28.39382528867521,-24.704168890535556
14314,3.6791867082488587,28.330254825996715,-24.651068117747855
14324,4.017821911538024,32.22894574101597,-28.211123829477945
14334,3.973198029915537,32.38141465404872,-28.408216624133182
14344,3.968863507759376,32.42686215883795,-28.457998651078572
14354,4.039733257325865,32.554927843132674,-28.51519458580681
14364,4.040317442585945,32.67447841895606,-28.63416097637012
14374,4.078480783634043,32.7078507789124,-28.62936999527836
14384,4.042220573177209,32.67502089439456,-28.632800321217346
14394,4.0360860917648,32.6687030950267,-28.6326170032619
14404,4.125462418706697,32.72466574445886,-28.599203325752164
14414,4.092781414183994,32.75516523522793,-28.66238382104393
14424,4.161554793965883,32.91631550516933,-28.754760711203446
14434,4.087384940155298,32.747799296545544,-28.66041435639025
14444,3.7938960061908675,44.48560992887461,-40.69171392268374
14454,3.562406454169762,44.786675755527995,-41.224269301358234
14464,3.4511506619469863,45.31498851070937,-41.86383784876239
14474,3.4996140044009048,46.523822732708126,-43.02420872830722
14484,3.770706478801039,47.782650427763365,-44.011943948962326
14494,3.829005094100757,47.89872869965095,-44.069723605550195
14504,3.7556914105599564,47.90757985708848,-44.151888446528524
14514,3.5628135925061053,47.191590675414474,-43.62877708290837
14524,3.6163096992911483,47.223670170334685,-43.607360471043535
14534,3.630384681574119,47.23386945001366,-43.603484768439536
14544,3.8294326826349425,47.67432195494872,-43.84488927231377
14554,3.798918877243768,47.66109091252524,-43.862172035281475
14564,3.7702171829050792,47.560672770734975,-43.790455587829896
14574,3.650612653403618,47.07596411589489,-43.42535146249127
14584,3.5944814580064963,47.09608891921978,-43.50160746121328
14594,3.7496089759611317,47.57769980897353,-43.828090833012396
14604,3.751358008563643,47.57809937465427,-43.82674136609063
14614,3.7144849576817984,47.61072506619397,-43.896240108512174
14624,3.7274349293346374,47.53877221101391,-43.81133728167927
14634,3.439888381990685,46.74415187646892,-43.304263494478235
14644,3.411879807225986,46.70553720903756,-43.29365740181157
14654,3.4222730105093815,46.69667076040931,-43.27439774989993
14664,3.6814862202535763,47.477003875413615,-43.79551765516004
14674,3.7109300480318725,47.47053853040627,-43.759608482374404
14684,3.7633233281977527,47.483214074037996,-43.719890745840246
14694,3.6077206853062065,46.971618846553596,-43.36389816124739
14704,3.611249544611148,46.98455148794652,-43.37330194333537
14714,3.637547999765723,46.99160187186654,-43.35405387210082
14724,3.727316787574532,47.47121582317043,-43.7438990355959
14734,3.678299771615384,47.50620451683975,-43.827904745224366
14744,3.739068484730216,47.56889948499447,-43.82983100026425
14754,3.5904407684223023,46.98988317646371,-43.3994424080414
14764,3.6138273667234415,46.98962389905576,-43.375796532332316
14774,3.601744923771836,46.984370348616515,-43.382625424844676
14784,3.9287272028992257,47.690842845240745,-43.76211564234152
14794,3.918728018429063,47.70874073620461,-43.79001271777555
14804,3.734743968878844,47.19690890671449,-43.462164937835645
14814,3.7131561907152757,47.23969083253814,-43.52653464182286
14824,3.7106784682947542,47.251554850879444,-43.54087638258469
14834,3.64468618569005,47.17283783841593,-43.52815165272588
14844,3.7350707116635955,47.70074929797418,-43.96567858631058
14854,3.8050809846773426,47.686414201989955,-43.881333217312616
14864,3.739608334867715,47.720604448348055,-43.98099611348034
14874,3.438936263143034,46.96731666311087,-43.52838039996784
14884,3.6825421824394304,33.28349859140285,-29.600956408963416
14894,3.5935741287634255,32.762400274370414,-29.16882614560699
14904,3.359674716673323,31.92673587206483,-28.56706115539151
14914,3.2870274822439423,31.762051522985217,-28.475024040741275
14924,3.277155325464741,31.699327484153727,-28.422172158688987
14934,3.2707818714611134,31.66757705010924,-28.396795178648127
14944,3.2708321811926195,31.670543713472664,-28.399711532280044
14954,3.3338935682473148,31.760054490605366,-28.42616092235805
14964,3.338861887346564,31.784483960209442,-28.44562207286288
14974,3.30258130902563,31.750510767909404,-28.447929458883774
14984,3.380187693119108,31.820669747076717,-28.44048205395761
14994,3.342523327871988,31.702761753976876,-28.36023842610489
15004,3.3100159241038556,31.692117674109486,-28.38210175000563
15014,3.299354986213572,31.735570628099524,-28.43621564188595
15024,3.360004287982,31.892960152569895,-28.532955864587894
15034,4.383440746575115,44.63050806180051,-40.247067315225394
15044,3.7500967120777795,44.4890459757858,-40.73894926370802
15054,3.51885157914913,45.28528452657995,-41.76643294743082
15064,4.09874685941269,31.60156479091356,-27.50281793150087
15074,3.6436614001115744,30.291049438198627,-26.64738803808705
15084,3.891617295654996,29.45299541170593,-25.561378116050935
15094,3.907256381630792,29.027577031033978,-25.120320649403187
15104,3.748987648919992,28.70607725242966,-24.95708960350967
15114,3.7919272325253788,28.694068085096003,-24.902140852570625
15124,3.791748316267456,28.723901837652583,-24.93215352138513
15134,3.842235028453531,28.88330597233206,-25.04107094387853
15144,3.849260898974518,28.895896540580896,-25.04663564160638
15154,3.947505306229255,28.287730099168762,-24.34022479293951
15164,3.9895522254336746,28.166485953860647,-24.176933728426974
15174,3.989859737241048,28.188538372273673,-24.198678635032625
15184,3.946127833101759,28.17198859832224,-24.22586076522048
15194,3.877169334763409,28.203518507115717,-24.32634917235231
15204,3.997425345172983,28.445642598863206,-24.448217253690224
15214,3.958716983082541,29.87158494946514,-25.9128679663826
15224,4.070423432004993,30.137740850927997,-26.067317418923004
15234,4.231961217185249,29.865607269770386,-25.633646052585135
15244,4.565234208515373,30.104363215032187,-25.539129006516813
15254,4.512148188794422,29.97427092875438,-25.46212273995996
15264,4.435088394790445,29.940169585242394,-25.50508119045195
15274,4.412103107150049,29.90101085539033,-25.48890774824028
15284,4.3913893459987365,29.874089903692735,-25.482700557694
15294,4.351194291903187,29.837523760483585,-25.486329468580397
15304,5.686741408593551,33.767030432507525,-28.080289023913974
15314,5.550080291303016,33.81182890264101,-28.261748611337996
15324,5.623892160317654,33.80729617080456,-28.18340401048691
15334,5.4672404960400725,33.37245208059276,-27.905211584552685
15344,5.455527370235843,33.35788376291959,-27.90235639268375
15354,5.435855628168435,33.34969756944453,-27.913841941276097
15364,5.395295435078857,33.37487783112132,-27.97958239604246
15374,5.443574502931717,33.398109992816266,-27.95453548988455
15538,5.017150760687369,44.19894902878262,-39.18179826809525
15548,3.568760972466942,44.94039199274307,-41.37163102027613
15558,3.3266729569115174,44.723731929404416,-41.3970589724929
15568,3.356690221580904,45.625311325782405,-42.2686211042015
15578,3.3915350747983886,46.8873350706084,-43.49579999581001
15588,3.4003701657444823,47.010811710140906,-43.61044154439642
15598,3.4126859122525963,47.03152622370061,-43.61884031144801
15608,3.309277654935326,47.02062028424133,-43.711342629306
15618,3.3493523932488216,47.0013840835294,-43.65203169028058
15628,3.4251233427521743,47.031574850171026,-43.60645150741885
15638,3.6630411436168573,47.72273552498393,-44.05969438136707
15648,3.6904475113686406,47.79909099705981,-44.10864348569117
15658,4.344000883770135,33.96747784199388,-29.623476958223748
15668,4.0597205166179755,32.43306922648128,-28.373348709863304
15678,3.709414822179266,31.199161528396807,-27.48974670621754
15688,3.6191559328108456,30.961406044392923,-27.34225011158208
15698,3.5701783951935826,31.11291845222317,-27.542740057029587
15708,3.6834435064215723,31.316882124560326,-27.633438618138754
15718,3.708486979149698,31.400166141154614,-27.691679162004917
15728,3.62023827386768,31.161957869337954,-27.541719595470273
15738,3.5413137970727373,31.003989693352437,-27.4626758962797
15748,3.52866052961093,31.05574876715392,-27.527088237542987
15758,3.637719862924963,31.267850532625868,-27.630130669700904
15768,3.616001164132406,31.227656149010304,-27.611654984877898
15778,3.5779748088601164,31.131959658415756,-27.55398484955564
15788,3.4762605328310157,30.97802290979225,-27.501762376961235
15798,3.4602982519754026,31.001628488913948,-27.541330236938546
15808,3.3515653149600753,30.88180128735919,-27.53023597239911
15818,2.920684817606106,29.876074642287254,-26.95538982468115
15828,3.015473712815549,30.08335554396041,-27.06788183114486
15838,3.0328809508681225,30.206624353407236,-27.173743402539113
15848,3.0559621550416685,30.214449451965056,-27.158487296923386
15858,3.0026842374414877,30.16471393682196,-27.162029699380472
15868,3.0261560429206935,30.159521458683795,-27.1333654157631
15878,3.0527849903478463,30.16931143017309,-27.116526439825243
15888,3.0992767707215627,30.199718087747314,-27.10044131702575
15898,3.0559220089859513,30.018316161781087,-26.962394152795135
15908,3.0495852313003855,30.011257883767765,-26.961672652467378
15918,3.043921952662034,29.433206181130338,-26.389284228468306
15928,3.6369291430554123,28.409090399452516,-24.772161256397105
15938,3.6895891388723667,28.275409700488908,-24.58582056161654
15948,3.635911310731305,28.1875356149401,-24.551624304208794
15958,3.414980459389006,28.565292809089524,-25.150312349700517
15968,3.6938296589535433,29.469024048695097,-25.775194389741554
15978,3.672238192822411,29.402450149554284,-25.73021195673187
15988,3.770536023634809,29.57511102394797,-25.80457500031316
15998,3.7885546102244776,29.663214891328096,-25.87466028110362
16008,3.838214326376134,29.750863599055393,-25.91264927267926
16018,3.839693222995995,29.740404171313116,-25.900710948317123
16028,3.7986689984435635,29.642914811320765,-25.8442458128772
16038,3.8452944051756526,29.68093913949842,-25.835644734322766
16048,3.8495270923990343,29.73995974559834,-25.890432653199305
16058,3.8554612800904215,29.776176557612416,-25.920715277521996
16068,3.8162797781955042,38.892819531755364,-35.07653975355986
16078,3.9327755811095355,44.66129936009965,-40.72852377899011
16088,3.566268769725379,45.69517009077522,-42.128901321049845
16098,4.348208127840923,31.606262680889916,-27.258054553048993
16108,4.452815745008791,31.05700398482953,-26.60418823982074
16118,3.5004677457518807,28.16927942868066,-24.66881168292878
16128,3.3297057931824883,27.95198632882086,-24.62228053563837
16138,3.2558871840183143,27.89365491661166,-24.637767732593346
16148,3.2449109870050648,27.826805563212204,-24.58189457620714
16158,3.2203812143054145,27.729288038859377,-24.50890682455396
16168,3.2214636583602907,27.740314705219586,-24.518851046859297
16178,3.192291325821167,27.782557118844142,-24.590265793022976
16188,3.251825677530671,27.88835739815088,-24.63653172062021
16198,3.2639802907137256,27.790446839705645,-24.52646654899192
16208,3.260779481431902,27.699638527691764,-24.43885904625986
16218,3.2624888318121186,27.591557321961023,-24.329068490148906
16228,3.276617375820721,27.579920345637905,-24.303302969817185
16238,3.254456477105078,27.622646986922692,-24.368190509817616
16248,5.178446009147366,34.79174754351361,-29.613301534366244
16258,4.97759941251849,35.02528834185307,-30.04768892933458
16268,3.116945902911216,28.945381146646913,-25.828435243735697
16278,3.2753427458137603,29.48639778735097,-26.21105504153721
16288,3.399510407959359,29.7961886012138,-26.39667819325444
16298,3.4769582364036524,30.065059742047012,-26.58810150564336
16308,3.520206178688899,30.167758595271966,-26.647552416583068
16318,3.5280667461252193,30.1841281598055,-26.65606141368028
16328,3.546231111801759,30.185081110536448,-26.63884999873469
16338,3.5127626700859937,30.04292302302752,-26.530160352941525
16348,3.4402494535747685,29.990048117649962,-26.549798664075194
16358,3.4783378064068344,30.099228860506884,-26.62089105410005
16368,3.498390966048666,30.30314929140301,-26.804758325354342
16378,3.5514356698366045,30.544255269241432,-26.99281959940483
16388,3.527367819104651,30.312504791533662,-26.78513697242901
16398,3.5188203950375434,30.315651682255382,-26.796831287217838
16408,3.529587366243531,39.262273198417795,-35.73268583217426
16418,3.897758402641381,45.34988561020915,-41.45212720756777
16428,3.906877408607721,45.9132319177818,-42.00635450917408
16438,3.8492164773668254,46.56236003684946,-42.71314355948264
16448,3.8352514948996466,47.41975245634176,-43.58450096144212
16458,3.624974681091629,47.035970333381194,-43.410995652289564
16468,3.634717746029337,47.10763968718396,-43.472921941154624
16478,3.918414692545422,47.86706333226239,-43.948648639716964
16488,3.8643848594341934,47.83936515616697,-43.974980296732774
16498,3.9155222801177114,47.94043775510097,-44.02491547498326
16508,3.8069576863407164,47.563069731753856,-43.75611204541314
16518,3.808095234976023,47.58260071170996,-43.774505476733935
16528,3.7980911767553267,47.56758006481292,-43.769488888057595
16538,3.8154043399877984,47.7626566775034,-43.9472523375156
16548,3.85519246551634,47.794343495197275,-43.939151029680936
16558,3.6479863292288446,47.39278662195674,-43.744800292727895
16568,3.589940597956909,47.301619989928675,-43.711679391971764
16578,3.532933550067589,47.26975772875313,-43.73682417868554
16588,3.566335684548896,47.298676786334234,-43.73234110178534
16598,3.530534765800044,47.36127648529009,-43.83074171949005
16608,3.7618597987048883,47.99689193605619,-44.2350321373513
16618,3.7712821705181097,48.10964771135103,-44.33836554083292
16628,3.5038055000750514,47.30667381349641,-43.80286831342136
16638,4.713874923959323,33.32709264691637,-28.613217722957046
16648,4.280726939404896,31.768734164371516,-27.48800722496662
16658,3.750909812977273,30.414637277754473,-26.6637274647772
16668,3.7714283575679777,30.426728499299905,-26.655300141731928
16678,3.7423182632847403,30.370824595149546,-26.628506331864806
16688,3.703912144408084,30.310468000465754,-26.60655585605767
16698,3.684679220585096,30.231539043696586,-26.54685982311149
16708,3.6550022998583582,30.291626855817587,-26.63662455595923
16718,3.6659136854376038,30.312327600560742,-26.646413915123137
16728,3.671514759843413,30.310233656432594,-26.638718896589182
16738,3.707157845204193,30.334328863579497,-26.627171018375304
16748,3.6474752917223903,30.182877759012694,-26.535402467290304
16758,3.743785859673653,29.068457920512387,-25.324672060838733
16768,3.723678407829521,28.443776700935068,-24.720098293105547
16778,3.6801041962804524,28.50952708760615,-24.829422891325695
16788,3.440266209916397,29.883777848996363,-26.443511639079965
16798,3.3672543497782357,30.11145984507548,-26.744205495297244
16808,3.5260404169265898,30.516069902035838,-26.990029485109247
16818,3.5387943229530094,30.49394478304552,-26.95515046009251
16828,3.566558363140723,30.6285504465605,-27.061992083419778
16838,3.5841703810433843,30.643274668446153,-27.059104287402768
16848,3.544742914082092,30.592286468333867,-27.047543554251774
16858,3.6046208466183445,30.561347369597918,-26.956726522979572
16868,3.571719166625788,30.48346550451012,-26.911746337884335
16878,3.549045223252693,30.4831873628191,-26.934142139566404
16888,3.5460215281670924,30.49401981676757,-26.947998288600477
16898,3.5532621165788485,30.596203319959685,-27.042941203380835
16908,4.5710075890612485,44.884362012167905,-40.31335442310666
16918,3.61002378363774,44.811710572463994,-41.20168678882625
16928,3.3196473751247835,45.16856639963204,-41.84891902450726
16938,3.456643720127739,46.14361319184897,-42.686969471721234
16948,3.5275061117751956,47.30065445640599,-43.77314834463079
16958,3.6402119927410816,47.53406344586296,-43.89385145312188
16968,3.6032875894081893,47.60954757415142,-44.00625998474323
16978,3.4340243994170616,47.044514370977964,-43.6104899715609
16988,3.429946951229727,47.12445480603943,-43.6945078548097
16998,3.432925090841261,47.08821064549774,-43.65528555465648
17008,3.6179238707421217,47.74594485075573,-44.1280209800136
17018,3.646341359323817,47.76670918533732,-44.1203678260135
17028,3.862340448407902,36.27532484062577,-32.41298439221787
17038,4.090288708683242,32.37116124184876,-28.280872533165518
17048,3.8122725414010437,31.505707614682844,-27.6934350732818
17058,3.7420884008345117,31.416431896241157,-27.674343495406646
17068,3.774551617247694,31.63160921695578,-27.857057599708085
17078,3.7890703308228915,31.627509440337903,-27.83843910951501
17088,3.8270431488354606,31.623377080500642,-27.79633393166518
17098,3.8107946119856746,31.417131462050676,-27.606336850065002
17108,3.7762427746598326,31.358628708612294,-27.582385933952462
17118,3.7554164337167246,31.332099276138468,-27.576682842421743
17128,3.5832860410388157,28.890399892988473,-25.30711385194966
17138,3.5821278664011493,28.656262310097464,-25.074134443696316
17148,3.540981284993804,28.579087794199207,-25.038106509205402
17158,3.5420020269244703,28.527564002022572,-24.9855619750981
17168,3.500907260316257,28.495131576716098,-24.99422431639984
17178,3.451558346148062,29.014702816856936,-25.563144470708874
17188,3.0900349831575755,29.21751115996417,-26.127476176806596
17198,3.2563517220196614,29.5752083734528,-26.318856651433137
17208,3.3043048067079086,29.675187263135605,-26.370882456427697
17218,3.3021077489595885,29.599742990210213,-26.297635241250624
17228,3.3146050894416423,29.60007205239696,-26.28546696295532
17238,3.3897433025395505,29.7033697465788,-26.31362644403925
17248,3.3384162522855463,29.837592365055652,-26.499176112770105
17258,3.3540817757071757,29.8251266815103,-26.471044905803126
17268,3.3258680481938927,29.75067171310218,-26.424803664908286
17278,4.243620447310837,44.464485110696,-40.220864663385164
17288,3.564163198401043,44.75994397343675,-41.19578077503571
17298,3.4818330543921223,45.12586843847908,-41.64403538408696
17308,3.724324740889383,46.97042796821639,-43.24610322732701
17318,3.6907588486411305,47.07572108561902,-43.38496223697789
17328,3.6807176176049827,47.129501516200435,-43.44878389859545
17338,3.613270576391032,47.062852299744186,-43.449581723353155
17348,3.6257847699386003,47.0884081160787,-43.462623346140106
17358,3.618925866727228,47.060720230156775,-43.441794363429544
17368,3.773790594464877,47.619348686290756,-43.84555809182588
17378,3.7997751336199723,47.60071626283721,-43.800941129217236
